Project,Date,Week,User,Activity,Issue,Tracker,Status,Comment,Hours,WBS??(WBS Classification),?????,???(Issuer),?????(Issue team),???(Question By),???(Generation day),QA??(QA division),????(Work Classification),???(Issued date),???????,?????,QA??,Reviewer,?????(Completion expected),?????(Work start date),???(Completion date),?????(Answer team by),???(Answer By),PT?????(specifications kind),???(Screen Name),????(Class Name),???No.(Test items No.),?????(Gene. function name),????(Content of failure),????(Cause Phase),????(Cause classification),??????(Direct cause division),??????(Root cause division),???Cause?,????(Content of action),????????(Related tix number),??(Question),??(Answer ),???(Horizontal Deployment),????????,??????,????(Notice),????(Reason for refusal),???????,?????????,PG???????????,????????,???????,QA?????????,QA????(???),GDC_rework?????,????,???,?????,??,branch,??(???????????),?????????????,?????,????,????,?????,?????,?????,?????,?????????????,??,??(Remarks)
ALSOK_INCIDENT,6/24/2022,25,Go Zachary,????,WBS #18753: [Rework] 18702 Cause Investigation Rework,WBS,New,,1.5,,,,,,,,,,,,,Hazel Cabonita,,,,,,,,,,,,,,,,,,,,,,,,,,,,,,,,,,,,,,,,,,,,,,,,,,
ALSOK_INCIDENT,6/23/2022,25,Go Zachary,????,WBS #18731: [Create] 18700 Debugging and Code tracing,WBS,Working,,8.25,,,,,,,,,,,,,Hazel Cabonita,,,,,,,,,,,,,,,,,,,,,,,,,,,,,,,,,,,,,,,,,,,,,,,,,,
ALSOK_INCIDENT,6/23/2022,25,Go Zachary,????,WBS #18753: [Rework] 18702 Cause Investigation Rework,WBS,New,,1.75,,,,,,,,,,,,,Hazel Cabonita,,,,,,,,,,,,,,,,,,,,,,,,,,,,,,,,,,,,,,,,,,,,,,,,,,
ALSOK_INCIDENT,6/22/2022,25,Go Zachary,????,WBS #18730: [Create] 18700 Design Documents' Analysis,WBS,Working,,9.5,,,,,,,,,,,,,Hazel Cabonita,,,,,,,,,,,,,,,,,,,,,,,,,,,,,,,,,,,,,,,,,,,,,,,,,,
ALSOK_INCIDENT,6/22/2022,25,Go Zachary,????,WBS #18753: [Rework] 18702 Cause Investigation Rework,WBS,New,,0.5,,,,,,,,,,,,,Hazel Cabonita,,,,,,,,,,,,,,,,,,,,,,,,,,,,,,,,,,,,,,,,,,,,,,,,,,
ALSOK_INCIDENT,6/21/2022,25,Go Zachary,????,WBS #18753: [Rework] 18702 Cause Investigation Rework,WBS,New,,6,,,,,,,,,,,,,Hazel Cabonita,,,,,,,,,,,,,,,,,,,,,,,,,,,,,,,,,,,,,,,,,,,,,,,,,,
ALSOK_INCIDENT,6/20/2022,25,Go Zachary,????,WBS #18753: [Rework] 18702 Cause Investigation Rework,WBS,New,,7,,,,,,,,,,,,,Hazel Cabonita,,,,,,,,,,,,,,,,,,,,,,,,,,,,,,,,,,,,,,,,,,,,,,,,,,
ALSOK_INCIDENT,6/17/2022,24,Go Zachary,????,WBS #18753: [Rework] 18702 Cause Investigation Rework,WBS,New,,7,,,,,,,,,,,,,Hazel Cabonita,,,,,,,,,,,,,,,,,,,,,,,,,,,,,,,,,,,,,,,,,,,,,,,,,,
ALSOK_INCIDENT,6/17/2022,24,Go Zachary,????,WBS #18317: [GDC] Meetings,WBS,Working,Asakai,0.5,,,,,,,,,,,,,,3/31/2022,,,,,,,,,,,,,,,,,,,,,,,,,,,,,,,,,,,,,,,,,,,,,,,,,Asakai
ALSOK_INCIDENT,6/16/2022,24,Go Zachary,????,WBS #18750: [Create] 18702 Identifying the direct cause,WBS,Working,Update / Check Investigation report while waiting for QA Ticket 18941 to be answered,7,,,,,,,,,,,,,Hazel Cabonita,,,,,,,,,,,,,,,,,,,,,,,,,,,,,,,,,,,,,,,,,,,,,,,,,,
ALSOK_INCIDENT,6/16/2022,24,Go Zachary,????,WBS #18753: [Rework] 18702 Cause Investigation Rework,WBS,New,Update / Check Investigation report while waiting for QA Ticket 18944 to be answered,2,,,,,,,,,,,,,Hazel Cabonita,,,,,,,,,,,,,,,,,,,,,,,,,,,,,,,,,,,,,,,,,,,,,,,,,,
ALSOK_INCIDENT,6/16/2022,24,Go Zachary,????,WBS #18317: [GDC] Meetings,WBS,Working,Asakai,0.5,,,,,,,,,,,,,,3/31/2022,,,,,,,,,,,,,,,,,,,,,,,,,,,,,,,,,,,,,,,,,,,,,,,,,Asakai
ALSOK_INCIDENT,6/15/2022,24,Go Zachary,????,WBS #18749: [Create] 18702 Debugging and Code tracing,WBS,Working,,0.25,,,,,,,,,,,,,Hazel Cabonita,,,,,,,,,,,,,,,,,,,,,,,,,,,,,,,,,,,,,,,,,,,,,,,,,,
ALSOK_INCIDENT,6/15/2022,24,Go Zachary,????,WBS #18750: [Create] 18702 Identifying the direct cause,WBS,Working,Update / Check Investigation report while waiting for QA Ticket 18944 to be answered,6.75,,,,,,,,,,,,,Hazel Cabonita,,,,,,,,,,,,,,,,,,,,,,,,,,,,,,,,,,,,,,,,,,,,,,,,,,
ALSOK_INCIDENT,6/15/2022,24,Go Zachary,????,WBS #18317: [GDC] Meetings,WBS,Working,Asakai,0.5,,,,,,,,,,,,,,3/31/2022,,,,,,,,,,,,,,,,,,,,,,,,,,,,,,,,,,,,,,,,,,,,,,,,,Asakai
ALSOK_INCIDENT,6/14/2022,24,Go Zachary,????,WBS #18730: [Create] 18700 Design Documents' Analysis,WBS,Working,,7,,,,,,,,,,,,,Hazel Cabonita,,,,,,,,,,,,,,,,,,,,,,,,,,,,,,,,,,,,,,,,,,,,,,,,,,
ALSOK_INCIDENT,6/14/2022,24,Go Zachary,????,WBS #18317: [GDC] Meetings,WBS,Working,Asakai,0.5,,,,,,,,,,,,,,3/31/2022,,,,,,,,,,,,,,,,,,,,,,,,,,,,,,,,,,,,,,,,,,,,,,,,,Asakai
ALSOK_INCIDENT,6/13/2022,24,Go Zachary,????,WBS #18730: [Create] 18700 Design Documents' Analysis,WBS,Working,,3,,,,,,,,,,,,,Hazel Cabonita,,,,,,,,,,,,,,,,,,,,,,,,,,,,,,,,,,,,,,,,,,,,,,,,,,
ALSOK_INCIDENT,6/13/2022,24,Go Zachary,????,WBS #18729: [Create] 18700 Input Documents' Analysis,WBS,Working,Reading and Analyzing Operational History log,7,,,,,,,,,,,,,Hazel Cabonita,,,,,,,,,,,,,,,,,,,,,,,,,,,,,,,,,,,,,,,,,,,,,,,,,,
ALSOK_INCIDENT,6/13/2022,24,Go Zachary,????,WBS #18317: [GDC] Meetings,WBS,Working,Asakai,0.5,,,,,,,,,,,,,,3/31/2022,,,,,,,,,,,,,,,,,,,,,,,,,,,,,,,,,,,,,,,,,,,,,,,,,Asakai
ALSOK_INCIDENT,6/9/2022,23,Go Zachary,????,WBS #18750: [Create] 18702 Identifying the direct cause,WBS,Working,,5,,,,,,,,,,,,,Hazel Cabonita,,,,,,,,,,,,,,,,,,,,,,,,,,,,,,,,,,,,,,,,,,,,,,,,,,
ALSOK_INCIDENT,6/9/2022,23,Go Zachary,????,WBS #18749: [Create] 18702 Debugging and Code tracing,WBS,Working,,2,,,,,,,,,,,,,Hazel Cabonita,,,,,,,,,,,,,,,,,,,,,,,,,,,,,,,,,,,,,,,,,,,,,,,,,,
ALSOK_INCIDENT,6/9/2022,23,Go Zachary,????,WBS #18317: [GDC] Meetings,WBS,Working,Asakai,0.5,,,,,,,,,,,,,,3/31/2022,,,,,,,,,,,,,,,,,,,,,,,,,,,,,,,,,,,,,,,,,,,,,,,,,Asakai
ALSOK_INCIDENT,6/8/2022,23,Go Zachary,????,WBS #18750: [Create] 18702 Identifying the direct cause,WBS,Working,,3.25,,,,,,,,,,,,,Hazel Cabonita,,,,,,,,,,,,,,,,,,,,,,,,,,,,,,,,,,,,,,,,,,,,,,,,,,
ALSOK_INCIDENT,6/8/2022,23,Go Zachary,????,WBS #18749: [Create] 18702 Debugging and Code tracing,WBS,Working,,3.75,,,,,,,,,,,,,Hazel Cabonita,,,,,,,,,,,,,,,,,,,,,,,,,,,,,,,,,,,,,,,,,,,,,,,,,,
ALSOK_INCIDENT,6/8/2022,23,Go Zachary,????,WBS #18317: [GDC] Meetings,WBS,Working,Asakai,0.5,,,,,,,,,,,,,,3/31/2022,,,,,,,,,,,,,,,,,,,,,,,,,,,,,,,,,,,,,,,,,,,,,,,,,Asakai
ALSOK_INCIDENT,6/7/2022,23,Go Zachary,????,WBS #18749: [Create] 18702 Debugging and Code tracing,WBS,Working,,7,,,,,,,,,,,,,Hazel Cabonita,,,,,,,,,,,,,,,,,,,,,,,,,,,,,,,,,,,,,,,,,,,,,,,,,,
ALSOK_INCIDENT,6/7/2022,23,Go Zachary,????,WBS #18317: [GDC] Meetings,WBS,Working,Asakai,0.5,,,,,,,,,,,,,,3/31/2022,,,,,,,,,,,,,,,,,,,,,,,,,,,,,,,,,,,,,,,,,,,,,,,,,Asakai
ALSOK_INCIDENT,6/6/2022,23,Go Zachary,????,WBS #18318: [GDC] Admin/Others,WBS,Working,Continue updating the data in VM but still lacking a record with a date of 2021/11/26,3,,,,,,,,,,,,,,3/31/2022,,,,,,,,,,,,,,,,,,,,,,,,,,,,,,,,,,,,,,,,,,,,,,,,,
ALSOK_INCIDENT,6/6/2022,23,Go Zachary,????,WBS #18749: [Create] 18702 Debugging and Code tracing,WBS,Working,,6.75,,,,,,,,,,,,,Hazel Cabonita,,,,,,,,,,,,,,,,,,,,,,,,,,,,,,,,,,,,,,,,,,,,,,,,,,
ALSOK_INCIDENT,6/6/2022,23,Go Zachary,????,WBS #18748: [Create] 18702 Design Documents' Analysis,WBS,Working,,0.25,,,,,,,,,,,,,Hazel Cabonita,,,,,,,,,,,,,,,,,,,,,,,,,,,,,,,,,,,,,,,,,,,,,,,,,,
ALSOK_INCIDENT,6/6/2022,23,Go Zachary,????,WBS #18317: [GDC] Meetings,WBS,Working,Asakai,0.5,,,,,,,,,,,,,,3/31/2022,,,,,,,,,,,,,,,,,,,,,,,,,,,,,,,,,,,,,,,,,,,,,,,,,Asakai
ALSOK_INCIDENT,6/3/2022,22,Go Zachary,????,WBS #18318: [GDC] Admin/Others,WBS,Working,Update the data in VM was able to partially replicate the incident but still lacking a record with a date of 2021/11/26,5.75,,,,,,,,,,,,,,3/31/2022,,,,,,,,,,,,,,,,,,,,,,,,,,,,,,,,,,,,,,,,,,,,,,,,,
ALSOK_INCIDENT,6/3/2022,22,Go Zachary,????,WBS #18749: [Create] 18702 Debugging and Code tracing,WBS,Working,,1.25,,,,,,,,,,,,,Hazel Cabonita,,,,,,,,,,,,,,,,,,,,,,,,,,,,,,,,,,,,,,,,,,,,,,,,,,
ALSOK_INCIDENT,6/3/2022,22,Go Zachary,????,WBS #18317: [GDC] Meetings,WBS,Working,Asakai,0.5,,,,,,,,,,,,,,3/31/2022,,,,,,,,,,,,,,,,,,,,,,,,,,,,,,,,,,,,,,,,,,,,,,,,,Asakai
ALSOK_INCIDENT,6/2/2022,22,Go Zachary,????,WBS #18318: [GDC] Admin/Others,WBS,Working,"Test running profit-web on eclipse but still error for replication demo,  Import DB needed to VM, but when tested it won't run still looking for missing data.",6.75,,,,,,,,,,,,,,3/31/2022,,,,,,,,,,,,,,,,,,,,,,,,,,,,,,,,,,,,,,,,,,,,,,,,,
ALSOK_INCIDENT,6/2/2022,22,Go Zachary,????,WBS #18317: [GDC] Meetings,WBS,Working,Asakai,0.75,,,,,,,,,,,,,,3/31/2022,,,,,,,,,,,,,,,,,,,,,,,,,,,,,,,,,,,,,,,,,,,,,,,,,Asakai
ALSOK_INCIDENT,6/1/2022,22,Go Zachary,????,WBS #18318: [GDC] Admin/Others,WBS,Working,Reinstalling eclipse with the help of Levie,2,,,,,,,,,,,,,,3/31/2022,,,,,,,,,,,,,,,,,,,,,,,,,,,,,,,,,,,,,,,,,,,,,,,,,
ALSOK_INCIDENT,6/1/2022,22,Go Zachary,????,WBS #18748: [Create] 18702 Design Documents' Analysis,WBS,Working,,5,,,,,,,,,,,,,Hazel Cabonita,,,,,,,,,,,,,,,,,,,,,,,,,,,,,,,,,,,,,,,,,,,,,,,,,,
ALSOK_INCIDENT,6/1/2022,22,Go Zachary,????,WBS #18317: [GDC] Meetings,WBS,Working,Asakai,0.5,,,,,,,,,,,,,,3/31/2022,,,,,,,,,,,,,,,,,,,,,,,,,,,,,,,,,,,,,,,,,,,,,,,,,Asakai
ALSOK_INCIDENT,5/31/2022,22,Go Zachary,????,WBS #18748: [Create] 18702 Design Documents' Analysis,WBS,Working,,7,,,,,,,,,,,,,Hazel Cabonita,,,,,,,,,,,,,,,,,,,,,,,,,,,,,,,,,,,,,,,,,,,,,,,,,,
ALSOK_INCIDENT,5/31/2022,22,Go Zachary,????,WBS #18317: [GDC] Meetings,WBS,Working,Asakai,0.5,,,,,,,,,,,,,,3/31/2022,,,,,,,,,,,,,,,,,,,,,,,,,,,,,,,,,,,,,,,,,,,,,,,,,Asakai
ALSOK_INCIDENT,5/30/2022,22,Go Zachary,????,WBS #18321: [GDC] Requirement and Specs Analysis,WBS,Working,Read ALSOK  Documents,5.25,,,,,,,,,,,,,,3/31/2022,,,,,,,,,,,,,,,,,,,,,,,,,,,,,,,,,,,,,,,,,,,,,,,,,
ALSOK_INCIDENT,5/30/2022,22,Go Zachary,????,WBS #18317: [GDC] Meetings,WBS,Working,Asakai,0.5,,,,,,,,,,,,,,3/31/2022,,,,,,,,,,,,,,,,,,,,,,,,,,,,,,,,,,,,,,,,,,,,,,,,,Asakai
ALSOK_INCIDENT,5/30/2022,22,Go Zachary,????,WBS #18748: [Create] 18702 Design Documents' Analysis,WBS,Working,,1.75,,,,,,,,,,,,,Hazel Cabonita,,,,,,,,,,,,,,,,,,,,,,,,,,,,,,,,,,,,,,,,,,,,,,,,,,
ALSOK_INCIDENT,5/27/2022,21,Go Zachary,????,WBS #18321: [GDC] Requirement and Specs Analysis,WBS,Working,Read ALSOK  Documents,5.5,,,,,,,,,,,,,,3/31/2022,,,,,,,,,,,,,,,,,,,,,,,,,,,,,,,,,,,,,,,,,,,,,,,,,
ALSOK_INCIDENT,5/27/2022,21,Go Zachary,????,WBS #18747: [Create] 18702 Input Documents' Analysis,WBS,Working,,1.5,,,,,,,,,,,,,Hazel Cabonita,,,,,,,,,,,,,,,,,,,,,,,,,,,,,,,,,,,,,,,,,,,,,,,,,,
ALSOK_INCIDENT,5/27/2022,21,Go Zachary,????,WBS #18317: [GDC] Meetings,WBS,Working,Asakai,0.5,,,,,,,,,,,,,,3/31/2022,,,,,,,,,,,,,,,,,,,,,,,,,,,,,,,,,,,,,,,,,,,,,,,,,Asakai
ALSOK_INCIDENT,5/26/2022,21,Go Zachary,????,WBS #18321: [GDC] Requirement and Specs Analysis,WBS,Working,Read ALSOK  Documents,5,,,,,,,,,,,,,,3/31/2022,,,,,,,,,,,,,,,,,,,,,,,,,,,,,,,,,,,,,,,,,,,,,,,,,
ALSOK_INCIDENT,5/26/2022,21,Go Zachary,????,WBS #18747: [Create] 18702 Input Documents' Analysis,WBS,Working,,1.25,,,,,,,,,,,,,Hazel Cabonita,,,,,,,,,,,,,,,,,,,,,,,,,,,,,,,,,,,,,,,,,,,,,,,,,,
ALSOK_INCIDENT,5/26/2022,21,Go Zachary,????,WBS #18602: [Create] 18556 Identifying the direct cause,WBS,Working,,0.75,,,,,,,,,,,,,Azer Panganiban,4/1/2022,,,,,,,,,,,,,,,,,,,,,,,,,,,,,,,,,,,,,,,,,,,,,,,,,
ALSOK_INCIDENT,5/26/2022,21,Go Zachary,????,WBS #18317: [GDC] Meetings,WBS,Working,Asakai,0.5,,,,,,,,,,,,,,3/31/2022,,,,,,,,,,,,,,,,,,,,,,,,,,,,,,,,,,,,,,,,,,,,,,,,,Asakai
ALSOK_INCIDENT,5/25/2022,21,Go Zachary,????,WBS #18321: [GDC] Requirement and Specs Analysis,WBS,Working,Read ALSOK  Documents,6,,,,,,,,,,,,,,3/31/2022,,,,,,,,,,,,,,,,,,,,,,,,,,,,,,,,,,,,,,,,,,,,,,,,,
ALSOK_INCIDENT,5/25/2022,21,Go Zachary,????,WBS #18602: [Create] 18556 Identifying the direct cause,WBS,Working,,1,,,,,,,,,,,,,Azer Panganiban,4/1/2022,,,,,,,,,,,,,,,,,,,,,,,,,,,,,,,,,,,,,,,,,,,,,,,,,
ALSOK_INCIDENT,5/25/2022,21,Go Zachary,????,WBS #18317: [GDC] Meetings,WBS,Working,Asakai,0.5,,,,,,,,,,,,,,3/31/2022,,,,,,,,,,,,,,,,,,,,,,,,,,,,,,,,,,,,,,,,,,,,,,,,,Asakai
ALSOK_INCIDENT,5/24/2022,21,Go Zachary,????,WBS #18321: [GDC] Requirement and Specs Analysis,WBS,Working,Read ALSOK  Documents,4.75,,,,,,,,,,,,,,3/31/2022,,,,,,,,,,,,,,,,,,,,,,,,,,,,,,,,,,,,,,,,,,,,,,,,,
ALSOK_INCIDENT,5/24/2022,21,Go Zachary,????,WBS #18747: [Create] 18702 Input Documents' Analysis,WBS,Working,,1.25,,,,,,,,,,,,,Hazel Cabonita,,,,,,,,,,,,,,,,,,,,,,,,,,,,,,,,,,,,,,,,,,,,,,,,,,
ALSOK_INCIDENT,5/24/2022,21,Go Zachary,????,WBS #18602: [Create] 18556 Identifying the direct cause,WBS,Working,,1,,,,,,,,,,,,,Azer Panganiban,4/1/2022,,,,,,,,,,,,,,,,,,,,,,,,,,,,,,,,,,,,,,,,,,,,,,,,,
ALSOK_INCIDENT,5/24/2022,21,Go Zachary,????,WBS #18317: [GDC] Meetings,WBS,Working,Asakai,0.5,,,,,,,,,,,,,,3/31/2022,,,,,,,,,,,,,,,,,,,,,,,,,,,,,,,,,,,,,,,,,,,,,,,,,Asakai
ALSOK_INCIDENT,5/23/2022,21,Go Zachary,????,WBS #18321: [GDC] Requirement and Specs Analysis,WBS,Working,Read ALSOK  Documents,5.75,,,,,,,,,,,,,,3/31/2022,,,,,,,,,,,,,,,,,,,,,,,,,,,,,,,,,,,,,,,,,,,,,,,,,
ALSOK_INCIDENT,5/23/2022,21,Go Zachary,????,WBS #18602: [Create] 18556 Identifying the direct cause,WBS,Working,,0.75,,,,,,,,,,,,,Azer Panganiban,4/1/2022,,,,,,,,,,,,,,,,,,,,,,,,,,,,,,,,,,,,,,,,,,,,,,,,,
ALSOK_INCIDENT,5/23/2022,21,Go Zachary,????,WBS #18599: [Create] 18556 Input Documents' Analysis,WBS,Working,,0.25,,,,,,,,,,,,,Azer Panganiban,3/22/2022,,,,,,,,,,,,,,,,,,,,,,,,,,,,,,,,,,,,,,,,,,,,,,,,,
ALSOK_INCIDENT,5/23/2022,21,Go Zachary,????,WBS #18317: [GDC] Meetings,WBS,Working,Asakai,0.75,,,,,,,,,,,,,,3/31/2022,,,,,,,,,,,,,,,,,,,,,,,,,,,,,,,,,,,,,,,,,,,,,,,,,Asakai
ALSOK_INCIDENT,5/20/2022,20,Go Zachary,????,WBS #18602: [Create] 18556 Identifying the direct cause,WBS,Working,Finish checking and create queries  for data needed for investigation report and create a QA for it. Check Data received from FJ for ticket 18556 and start importing them.,7,,,,,,,,,,,,,Azer Panganiban,4/1/2022,,,,,,,,,,,,,,,,,,,,,,,,,,,,,,,,,,,,,,,,,,,,,,,,,
ALSOK_INCIDENT,5/20/2022,20,Go Zachary,????,WBS #18317: [GDC] Meetings,WBS,Working,,0.5,,,,,,,,,,,,,,3/31/2022,,,,,,,,,,,,,,,,,,,,,,,,,,,,,,,,,,,,,,,,,,,,,,,,,Asakai
ALSOK_INCIDENT,5/19/2022,20,Go Zachary,????,WBS #18747: [Create] 18702 Input Documents' Analysis,WBS,Working,Discuss with Levie about the missing queres in the history log and how to trace it. Start preparing queries for data needed to check what causes the error,2.75,,,,,,,,,,,,,Hazel Cabonita,,,,,,,,,,,,,,,,,,,,,,,,,,,,,,,,,,,,,,,,,,,,,,,,,,
ALSOK_INCIDENT,5/19/2022,20,Go Zachary,????,WBS #18317: [GDC] Meetings,WBS,Working,Asakai,1,,,,,,,,,,,,,,3/31/2022,,,,,,,,,,,,,,,,,,,,,,,,,,,,,,,,,,,,,,,,,,,,,,,,,Asakai
ALSOK_INCIDENT,5/18/2022,20,Go Zachary,????,WBS #18747: [Create] 18702 Input Documents' Analysis,WBS,Working,"Start  analyze code checkout yesterday and compare with input documents, got stuck when comparing the code to the operational history due to missing 2 query part in the log.",3.25,,,,,,,,,,,,,Hazel Cabonita,,,,,,,,,,,,,,,,,,,,,,,,,,,,,,,,,,,,,,,,,,,,,,,,,,
ALSOK_INCIDENT,5/18/2022,20,Go Zachary,????,WBS #18317: [GDC] Meetings,WBS,Working,Asakai,0.5,,,,,,,,,,,,,,3/31/2022,,,,,,,,,,,,,,,,,,,,,,,,,,,,,,,,,,,,,,,,,,,,,,,,,Asakai
ALSOK_INCIDENT,5/17/2022,20,Go Zachary,????,WBS #18747: [Create] 18702 Input Documents' Analysis,WBS,Working,"Read Design document of 18702, Locate the correct committed version to match incident error and update local code.",3,,,,,,,,,,,,,Hazel Cabonita,,,,,,,,,,,,,,,,,,,,,,,,,,,,,,,,,,,,,,,,,,,,,,,,,,
ALSOK_INCIDENT,5/17/2022,20,Go Zachary,????,WBS #18600: [Create] 18556 Design Documents' Analysis,WBS,Working,Check Ticket 18709,4,,,,,,,,,,,,,Azer Panganiban,3/24/2022,,,,,,,,,,,,,,,,,,,,,,,,,,,,,,,,,,,,,,,,,,,,,,,,,
ALSOK_INCIDENT,5/17/2022,20,Go Zachary,????,WBS #18317: [GDC] Meetings,WBS,Working,Asakai,0.5,,,,,,,,,,,,,,3/31/2022,,,,,,,,,,,,,,,,,,,,,,,,,,,,,,,,,,,,,,,,,,,,,,,,,Asakai
ALSOK_INCIDENT,5/16/2022,20,Go Zachary,????,WBS #18321: [GDC] Requirement and Specs Analysis,WBS,Working,Testing TestDriver for API,1,,,,,,,,,,,,,,3/31/2022,,,,,,,,,,,,,,,,,,,,,,,,,,,,,,,,,,,,,,,,,,,,,,,,,
ALSOK_INCIDENT,5/16/2022,20,Go Zachary,????,WBS #18747: [Create] 18702 Input Documents' Analysis,WBS,Working,Read Input Documents Looking for the right code (Git),6,,,,,,,,,,,,,Hazel Cabonita,,,,,,,,,,,,,,,,,,,,,,,,,,,,,,,,,,,,,,,,,,,,,,,,,,
ALSOK_INCIDENT,5/16/2022,20,Go Zachary,????,WBS #18317: [GDC] Meetings,WBS,Working,Asakai,0.5,,,,,,,,,,,,,,3/31/2022,,,,,,,,,,,,,,,,,,,,,,,,,,,,,,,,,,,,,,,,,,,,,,,,,Asakai
ALSOK_INCIDENT,5/13/2022,19,Go Zachary,????,WBS #18601: [Create] 18556 Debugging and Code tracing,WBS,Working, Continue with creating Investigation Report for 18556 and Create a QA 18789 request for data.,6.75,,,,,,,,,,,,,Azer Panganiban,3/29/2022,,,,,,,,,,,,,,,,,,,,,,,,,,,,,,,,,,,,,,,,,,,,,,,,,
ALSOK_INCIDENT,5/13/2022,19,Go Zachary,????,WBS #18317: [GDC] Meetings,WBS,Working,Asakai,0.75,,,,,,,,,,,,,,3/31/2022,,,,,,,,,,,,,,,,,,,,,,,,,,,,,,,,,,,,,,,,,,,,,,,,,Asakai
ALSOK_INCIDENT,5/12/2022,19,Go Zachary,????,WBS #18601: [Create] 18556 Debugging and Code tracing,WBS,Working,Found the mistakes of my findings the other day  and continue Updating investigation findings,7,,,,,,,,,,,,,Azer Panganiban,3/29/2022,,,,,,,,,,,,,,,,,,,,,,,,,,,,,,,,,,,,,,,,,,,,,,,,,
ALSOK_INCIDENT,5/12/2022,19,Go Zachary,????,WBS #18317: [GDC] Meetings,WBS,Working,Asakai,0.5,,,,,,,,,,,,,,3/31/2022,,,,,,,,,,,,,,,,,,,,,,,,,,,,,,,,,,,,,,,,,,,,,,,,,Asakai
ALSOK_INCIDENT,5/11/2022,19,Go Zachary,????,WBS #18747: [Create] 18702 Input Documents' Analysis,WBS,Working,Continue reading Input documents to investigate incident,3.5,,,,,,,,,,,,,Hazel Cabonita,,,,,,,,,,,,,,,,,,,,,,,,,,,,,,,,,,,,,,,,,,,,,,,,,,
ALSOK_INCIDENT,5/11/2022,19,Go Zachary,????,WBS #18600: [Create] 18556 Design Documents' Analysis,WBS,Working,Code trace and found out that my initial findings was wrong. Trace again when screen will transfer to ELSN01030101S01.,3.5,,,,,,,,,,,,,Azer Panganiban,3/24/2022,,,,,,,,,,,,,,,,,,,,,,,,,,,,,,,,,,,,,,,,,,,,,,,,,
ALSOK_INCIDENT,5/11/2022,19,Go Zachary,????,WBS #18317: [GDC] Meetings,WBS,Working,Asakai,0.5,,,,,,,,,,,,,,3/31/2022,,,,,,,,,,,,,,,,,,,,,,,,,,,,,,,,,,,,,,,,,,,,,,,,,Asakai
ALSOK_INCIDENT,5/10/2022,19,Go Zachary,????,WBS #18602: [Create] 18556 Identifying the direct cause,WBS,Working,Continue Replicating,7,,,,,,,,,,,,,Azer Panganiban,4/1/2022,,,,,,,,,,,,,,,,,,,,,,,,,,,,,,,,,,,,,,,,,,,,,,,,,
ALSOK_INCIDENT,5/10/2022,19,Go Zachary,????,WBS #18317: [GDC] Meetings,WBS,Working,,0.5,,,,,,,,,,,,,,3/31/2022,,,,,,,,,,,,,,,,,,,,,,,,,,,,,,,,,,,,,,,,,,,,,,,,,Asakai
ALSOK_INCIDENT,5/6/2022,18,Go Zachary,????,WBS #18601: [Create] 18556 Debugging and Code tracing,WBS,Working,"Finish Importing all data from FJ 18705. Continue troubleshooting problems with eclipse.""",7,,,,,,,,,,,,,Azer Panganiban,3/29/2022,,,,,,,,,,,,,,,,,,,,,,,,,,,,,,,,,,,,,,,,,,,,,,,,,
ALSOK_INCIDENT,5/6/2022,18,Go Zachary,????,WBS #18317: [GDC] Meetings,WBS,Working,Asakai,0.5,,,,,,,,,,,,,,3/31/2022,,,,,,,,,,,,,,,,,,,,,,,,,,,,,,,,,,,,,,,,,,,,,,,,,Asakai
ALSOK_INCIDENT,5/5/2022,18,Go Zachary,????,WBS #18601: [Create] 18556 Debugging and Code tracing,WBS,Working,"Got stuck importing data given by FJ it seems to be corrupted. Fixing eclipses (update missing class and building projects uing bash instead of  eclipse)""",7,,,,,,,,,,,,,Azer Panganiban,3/29/2022,,,,,,,,,,,,,,,,,,,,,,,,,,,,,,,,,,,,,,,,,,,,,,,,,
ALSOK_INCIDENT,5/5/2022,18,Go Zachary,????,WBS #18317: [GDC] Meetings,WBS,Working,Asakai,0.5,,,,,,,,,,,,,,3/31/2022,,,,,,,,,,,,,,,,,,,,,,,,,,,,,,,,,,,,,,,,,,,,,,,,,Asakai
ALSOK_INCIDENT,5/4/2022,18,Go Zachary,????,WBS #18747: [Create] 18702 Input Documents' Analysis,WBS,Working,,0.5,,,,,,,,,,,,,Hazel Cabonita,,,,,,,,,,,,,,,,,,,,,,,,,,,,,,,,,,,,,,,,,,,,,,,,,,
ALSOK_INCIDENT,5/4/2022,18,Go Zachary,????,WBS #18602: [Create] 18556 Identifying the direct cause,WBS,Working,"Try fixing code by restoring backup if it will still work,  Import data from FJ for ticket 18556",6.25,,,,,,,,,,,,,Azer Panganiban,4/1/2022,,,,,,,,,,,,,,,,,,,,,,,,,,,,,,,,,,,,,,,,,,,,,,,,,
ALSOK_INCIDENT,5/4/2022,18,Go Zachary,????,WBS #18317: [GDC] Meetings,WBS,Working,Asakai,0.75,,,,,,,,,,,,,,3/31/2022,,,,,,,,,,,,,,,,,,,,,,,,,,,,,,,,,,,,,,,,,,,,,,,,,Asakai
ALSOK_INCIDENT,5/2/2022,18,Go Zachary,????,WBS #18747: [Create] 18702 Input Documents' Analysis,WBS,Working," Start check code for Ticket 18702, encounter my local code does not match from operational history, tried to update",7,,,,,,,,,,,,,Hazel Cabonita,,,,,,,,,,,,,,,,,,,,,,,,,,,,,,,,,,,,,,,,,,,,,,,,,,
ALSOK_INCIDENT,5/2/2022,18,Go Zachary,????,WBS #18317: [GDC] Meetings,WBS,Working,Asakai,0.5,,,,,,,,,,,,,,3/31/2022,,,,,,,,,,,,,,,,,,,,,,,,,,,,,,,,,,,,,,,,,,,,,,,,,Asakai
ALSOK_INCIDENT,4/29/2022,17,Go Zachary,????,WBS #18601: [Create] 18556 Debugging and Code tracing,WBS,Working,,0.5,,,,,,,,,,,,,Azer Panganiban,3/29/2022,,,,,,,,,,,,,,,,,,,,,,,,,,,,,,,,,,,,,,,,,,,,,,,,,
ALSOK_INCIDENT,4/29/2022,17,Go Zachary,????,WBS #18599: [Create] 18556 Input Documents' Analysis,WBS,Working,,2,,,,,,,,,,,,,Azer Panganiban,3/22/2022,,,,,,,,,,,,,,,,,,,,,,,,,,,,,,,,,,,,,,,,,,,,,,,,,
ALSOK_INCIDENT,4/29/2022,17,Go Zachary,????,WBS #18321: [GDC] Requirement and Specs Analysis,WBS,Working,Read ALSOK  Documents,4.5,,,,,,,,,,,,,,3/31/2022,,,,,,,,,,,,,,,,,,,,,,,,,,,,,,,,,,,,,,,,,,,,,,,,,
ALSOK_INCIDENT,4/29/2022,17,Go Zachary,????,WBS #18317: [GDC] Meetings,WBS,Working,Asakai,0.5,,,,,,,,,,,,,,3/31/2022,,,,,,,,,,,,,,,,,,,,,,,,,,,,,,,,,,,,,,,,,,,,,,,,,Asakai
ALSOK_INCIDENT,4/28/2022,17,Go Zachary,????,WBS #18599: [Create] 18556 Input Documents' Analysis,WBS,Working,,2.25,,,,,,,,,,,,,Azer Panganiban,3/22/2022,,,,,,,,,,,,,,,,,,,,,,,,,,,,,,,,,,,,,,,,,,,,,,,,,
ALSOK_INCIDENT,4/28/2022,17,Go Zachary,????,WBS #18321: [GDC] Requirement and Specs Analysis,WBS,Working,Read ALSOK  Documents,4.5,,,,,,,,,,,,,,3/31/2022,,,,,,,,,,,,,,,,,,,,,,,,,,,,,,,,,,,,,,,,,,,,,,,,,
ALSOK_INCIDENT,4/28/2022,17,Go Zachary,????,WBS #18317: [GDC] Meetings,WBS,Working,Asakai,0.75,,,,,,,,,,,,,,3/31/2022,,,,,,,,,,,,,,,,,,,,,,,,,,,,,,,,,,,,,,,,,,,,,,,,,Asakai
ALSOK_INCIDENT,4/27/2022,17,Go Zachary,????,WBS #18317: [GDC] Meetings,WBS,Working,Asakai,0.5,,,,,,,,,,,,,,3/31/2022,,,,,,,,,,,,,,,,,,,,,,,,,,,,,,,,,,,,,,,,,,,,,,,,,Asakai
ALSOK_INCIDENT,4/27/2022,17,Go Zachary,????,WBS #18321: [GDC] Requirement and Specs Analysis,WBS,Working,Read ALSOK  Documents,4.5,,,,,,,,,,,,,,3/31/2022,,,,,,,,,,,,,,,,,,,,,,,,,,,,,,,,,,,,,,,,,,,,,,,,,
ALSOK_INCIDENT,4/27/2022,17,Go Zachary,????,WBS #18599: [Create] 18556 Input Documents' Analysis,WBS,Working,,2,,,,,,,,,,,,,Azer Panganiban,3/22/2022,,,,,,,,,,,,,,,,,,,,,,,,,,,,,,,,,,,,,,,,,,,,,,,,,
ALSOK_INCIDENT,4/27/2022,17,Go Zachary,????,WBS #18602: [Create] 18556 Identifying the direct cause,WBS,Working,,0.5,,,,,,,,,,,,,Azer Panganiban,4/1/2022,,,,,,,,,,,,,,,,,,,,,,,,,,,,,,,,,,,,,,,,,,,,,,,,,
ALSOK_INCIDENT,4/26/2022,17,Go Zachary,????,WBS #18317: [GDC] Meetings,WBS,Working,Asakai,0.5,,,,,,,,,,,,,,3/31/2022,,,,,,,,,,,,,,,,,,,,,,,,,,,,,,,,,,,,,,,,,,,,,,,,,Asakai
ALSOK_INCIDENT,4/26/2022,17,Go Zachary,????,WBS #18321: [GDC] Requirement and Specs Analysis,WBS,Working,Read ALSOK  Documents,4.5,,,,,,,,,,,,,,3/31/2022,,,,,,,,,,,,,,,,,,,,,,,,,,,,,,,,,,,,,,,,,,,,,,,,,
ALSOK_INCIDENT,4/26/2022,17,Go Zachary,????,WBS #18601: [Create] 18556 Debugging and Code tracing,WBS,Working,,2,,,,,,,,,,,,,Azer Panganiban,3/29/2022,,,,,,,,,,,,,,,,,,,,,,,,,,,,,,,,,,,,,,,,,,,,,,,,,
ALSOK_INCIDENT,4/26/2022,17,Go Zachary,????,WBS #18602: [Create] 18556 Identifying the direct cause,WBS,Working,,0.5,,,,,,,,,,,,,Azer Panganiban,4/1/2022,,,,,,,,,,,,,,,,,,,,,,,,,,,,,,,,,,,,,,,,,,,,,,,,,
ALSOK_INCIDENT,4/25/2022,17,Go Zachary,????,WBS #18317: [GDC] Meetings,WBS,Working,Asakai,0.5,,,,,,,,,,,,,,3/31/2022,,,,,,,,,,,,,,,,,,,,,,,,,,,,,,,,,,,,,,,,,,,,,,,,,Asakai
ALSOK_INCIDENT,4/25/2022,17,Go Zachary,????,WBS #18321: [GDC] Requirement and Specs Analysis,WBS,Working,Read ALSOK  Documents,4.5,,,,,,,,,,,,,,3/31/2022,,,,,,,,,,,,,,,,,,,,,,,,,,,,,,,,,,,,,,,,,,,,,,,,,
ALSOK_INCIDENT,4/25/2022,17,Go Zachary,????,WBS #18602: [Create] 18556 Identifying the direct cause,WBS,Working,,2.5,,,,,,,,,,,,,Azer Panganiban,4/1/2022,,,,,,,,,,,,,,,,,,,,,,,,,,,,,,,,,,,,,,,,,,,,,,,,,
ALSOK_INCIDENT,4/22/2022,16,Go Zachary,????,WBS #18602: [Create] 18556 Identifying the direct cause,WBS,Working,,3.5,,,,,,,,,,,,,Azer Panganiban,4/1/2022,,,,,,,,,,,,,,,,,,,,,,,,,,,,,,,,,,,,,,,,,,,,,,,,,
ALSOK_INCIDENT,4/22/2022,16,Go Zachary,????,WBS #18317: [GDC] Meetings,WBS,Working,,0.5,,,,,,,,,,,,,,3/31/2022,,,,,,,,,,,,,,,,,,,,,,,,,,,,,,,,,,,,,,,,,,,,,,,,,Asakai
ALSOK_INCIDENT,4/22/2022,16,Go Zachary,????,WBS #18321: [GDC] Requirement and Specs Analysis,WBS,Working,Read ALSOK  Documents,3.5,,,,,,,,,,,,,,3/31/2022,,,,,,,,,,,,,,,,,,,,,,,,,,,,,,,,,,,,,,,,,,,,,,,,,
ALSOK_INCIDENT,4/21/2022,16,Go Zachary,????,WBS #18601: [Create] 18556 Debugging and Code tracing,WBS,Working,,2,,,,,,,,,,,,,Azer Panganiban,3/29/2022,,,,,,,,,,,,,,,,,,,,,,,,,,,,,,,,,,,,,,,,,,,,,,,,,
ALSOK_INCIDENT,4/21/2022,16,Go Zachary,????,WBS #18599: [Create] 18556 Input Documents' Analysis,WBS,Working,,0.5,,,,,,,,,,,,,Azer Panganiban,3/22/2022,,,,,,,,,,,,,,,,,,,,,,,,,,,,,,,,,,,,,,,,,,,,,,,,,
ALSOK_INCIDENT,4/21/2022,16,Go Zachary,????,WBS #18317: [GDC] Meetings,WBS,Working,,0.5,,,,,,,,,,,,,,3/31/2022,,,,,,,,,,,,,,,,,,,,,,,,,,,,,,,,,,,,,,,,,,,,,,,,,Asakai
ALSOK_INCIDENT,4/21/2022,16,Go Zachary,????,WBS #18321: [GDC] Requirement and Specs Analysis,WBS,Working,Read ALSOK  Documents,4.5,,,,,,,,,,,,,,3/31/2022,,,,,,,,,,,,,,,,,,,,,,,,,,,,,,,,,,,,,,,,,,,,,,,,,
ALSOK_INCIDENT,4/20/2022,16,Go Zachary,????,WBS #18600: [Create] 18556 Design Documents' Analysis,WBS,Working,,2,,,,,,,,,,,,,Azer Panganiban,3/24/2022,,,,,,,,,,,,,,,,,,,,,,,,,,,,,,,,,,,,,,,,,,,,,,,,,
ALSOK_INCIDENT,4/20/2022,16,Go Zachary,????,WBS #18599: [Create] 18556 Input Documents' Analysis,WBS,Working,,0.5,,,,,,,,,,,,,Azer Panganiban,3/22/2022,,,,,,,,,,,,,,,,,,,,,,,,,,,,,,,,,,,,,,,,,,,,,,,,,
ALSOK_INCIDENT,4/20/2022,16,Go Zachary,????,WBS #18317: [GDC] Meetings,WBS,Working,,0.5,,,,,,,,,,,,,,3/31/2022,,,,,,,,,,,,,,,,,,,,,,,,,,,,,,,,,,,,,,,,,,,,,,,,,Asakai
ALSOK_INCIDENT,4/20/2022,16,Go Zachary,????,WBS #18321: [GDC] Requirement and Specs Analysis,WBS,Working,Read ALSOK  Documents,4.5,,,,,,,,,,,,,,3/31/2022,,,,,,,,,,,,,,,,,,,,,,,,,,,,,,,,,,,,,,,,,,,,,,,,,
ALSOK_INCIDENT,4/19/2022,16,Go Zachary,????,WBS #18601: [Create] 18556 Debugging and Code tracing,WBS,Working,,0.5,,,,,,,,,,,,,Azer Panganiban,3/29/2022,,,,,,,,,,,,,,,,,,,,,,,,,,,,,,,,,,,,,,,,,,,,,,,,,
ALSOK_INCIDENT,4/19/2022,16,Go Zachary,????,WBS #18600: [Create] 18556 Design Documents' Analysis,WBS,Working,,2,,,,,,,,,,,,,Azer Panganiban,3/24/2022,,,,,,,,,,,,,,,,,,,,,,,,,,,,,,,,,,,,,,,,,,,,,,,,,
ALSOK_INCIDENT,4/19/2022,16,Go Zachary,????,WBS #18317: [GDC] Meetings,WBS,Working,,0.5,,,,,,,,,,,,,,3/31/2022,,,,,,,,,,,,,,,,,,,,,,,,,,,,,,,,,,,,,,,,,,,,,,,,,Asakai
ALSOK_INCIDENT,4/19/2022,16,Go Zachary,????,WBS #18321: [GDC] Requirement and Specs Analysis,WBS,Working,Read ALSOK  Documents,4.5,,,,,,,,,,,,,,3/31/2022,,,,,,,,,,,,,,,,,,,,,,,,,,,,,,,,,,,,,,,,,,,,,,,,,
ALSOK_INCIDENT,4/18/2022,16,Go Zachary,????,WBS #18602: [Create] 18556 Identifying the direct cause,WBS,Working,,2.5,,,,,,,,,,,,,Azer Panganiban,4/1/2022,,,,,,,,,,,,,,,,,,,,,,,,,,,,,,,,,,,,,,,,,,,,,,,,,
ALSOK_INCIDENT,4/18/2022,16,Go Zachary,????,WBS #18601: [Create] 18556 Debugging and Code tracing,WBS,Working,,1,,,,,,,,,,,,,Azer Panganiban,3/29/2022,,,,,,,,,,,,,,,,,,,,,,,,,,,,,,,,,,,,,,,,,,,,,,,,,
ALSOK_INCIDENT,4/18/2022,16,Go Zachary,????,WBS #18317: [GDC] Meetings,WBS,Working,,0.5,,,,,,,,,,,,,,3/31/2022,,,,,,,,,,,,,,,,,,,,,,,,,,,,,,,,,,,,,,,,,,,,,,,,,Asakai
ALSOK_INCIDENT,4/18/2022,16,Go Zachary,????,WBS #18321: [GDC] Requirement and Specs Analysis,WBS,Working,Read ALSOK  Documents,3.5,,,,,,,,,,,,,,3/31/2022,,,,,,,,,,,,,,,,,,,,,,,,,,,,,,,,,,,,,,,,,,,,,,,,,
ALSOK_INCIDENT,4/13/2022,15,Go Zachary,????,WBS #18602: [Create] 18556 Identifying the direct cause,WBS,Working,,3.5,,,,,,,,,,,,,Azer Panganiban,4/1/2022,,,,,,,,,,,,,,,,,,,,,,,,,,,,,,,,,,,,,,,,,,,,,,,,,
ALSOK_INCIDENT,4/13/2022,15,Go Zachary,????,WBS #18601: [Create] 18556 Debugging and Code tracing,WBS,Working,,0.5,,,,,,,,,,,,,Azer Panganiban,3/29/2022,,,,,,,,,,,,,,,,,,,,,,,,,,,,,,,,,,,,,,,,,,,,,,,,,
ALSOK_INCIDENT,4/13/2022,15,Go Zachary,????,WBS #18317: [GDC] Meetings,WBS,Working,,2,,,,,,,,,,,,,,3/31/2022,,,,,,,,,,,,,,,,,,,,,,,,,,,,,,,,,,,,,,,,,,,,,,,,,Asakai
ALSOK_INCIDENT,4/13/2022,15,Go Zachary,????,WBS #18321: [GDC] Requirement and Specs Analysis,WBS,Working,Read ALSOK  Documents,1.5,,,,,,,,,,,,,,3/31/2022,,,,,,,,,,,,,,,,,,,,,,,,,,,,,,,,,,,,,,,,,,,,,,,,,
ALSOK_INCIDENT,4/12/2022,15,Go Zachary,????,WBS #18317: [GDC] Meetings,WBS,Working,,0.5,,,,,,,,,,,,,,3/31/2022,,,,,,,,,,,,,,,,,,,,,,,,,,,,,,,,,,,,,,,,,,,,,,,,,Asakai
ALSOK_INCIDENT,4/12/2022,15,Go Zachary,????,WBS #18601: [Create] 18556 Debugging and Code tracing,WBS,Working,,4.5,,,,,,,,,,,,,Azer Panganiban,3/29/2022,,,,,,,,,,,,,,,,,,,,,,,,,,,,,,,,,,,,,,,,,,,,,,,,,
ALSOK_INCIDENT,4/12/2022,15,Go Zachary,????,WBS #18599: [Create] 18556 Input Documents' Analysis,WBS,Working,,2.5,,,,,,,,,,,,,Azer Panganiban,3/22/2022,,,,,,,,,,,,,,,,,,,,,,,,,,,,,,,,,,,,,,,,,,,,,,,,,
ALSOK_INCIDENT,4/11/2022,15,Go Zachary,????,WBS #18321: [GDC] Requirement and Specs Analysis,WBS,Working,Read ALSOK  Documents,4.5,,,,,,,,,,,,,,3/31/2022,,,,,,,,,,,,,,,,,,,,,,,,,,,,,,,,,,,,,,,,,,,,,,,,,
ALSOK_INCIDENT,4/11/2022,15,Go Zachary,????,WBS #18317: [GDC] Meetings,WBS,Working,Asakai,0.5,,,,,,,,,,,,,,3/31/2022,,,,,,,,,,,,,,,,,,,,,,,,,,,,,,,,,,,,,,,,,,,,,,,,,Asakai
ALSOK_INCIDENT,4/11/2022,15,Go Zachary,????,WBS #18599: [Create] 18556 Input Documents' Analysis,WBS,Working,,2.5,,,,,,,,,,,,,Azer Panganiban,3/22/2022,,,,,,,,,,,,,,,,,,,,,,,,,,,,,,,,,,,,,,,,,,,,,,,,,
ALSOK_INCIDENT,4/8/2022,14,Go Zachary,????,WBS #18321: [GDC] Requirement and Specs Analysis,WBS,Working,Read ALSOK  Documents,6.5,,,,,,,,,,,,,,3/31/2022,,,,,,,,,,,,,,,,,,,,,,,,,,,,,,,,,,,,,,,,,,,,,,,,,
ALSOK_INCIDENT,4/8/2022,14,Go Zachary,????,WBS #18317: [GDC] Meetings,WBS,Working,Asakai,0.5,,,,,,,,,,,,,,3/31/2022,,,,,,,,,,,,,,,,,,,,,,,,,,,,,,,,,,,,,,,,,,,,,,,,,Asakai
ALSOK_INCIDENT,4/8/2022,14,Go Zachary,????,WBS #18601: [Create] 18556 Debugging and Code tracing,WBS,Working,,0.5,,,,,,,,,,,,,Azer Panganiban,3/29/2022,,,,,,,,,,,,,,,,,,,,,,,,,,,,,,,,,,,,,,,,,,,,,,,,,
ALSOK_INCIDENT,4/7/2022,14,Go Zachary,????,WBS #18347: [Rework] 18324 Cause Investigation Rework,WBS,Completion,,3.5,,,,,,,,,,,,,,2/24/2022,,4/13/2022,,,,,,,,,,,,,,,,,,,,,,,,,,,,,,,,,,,,,,,,,,,,,,,
ALSOK_INCIDENT,4/7/2022,14,Go Zachary,????,WBS #18317: [GDC] Meetings,WBS,Working,Asakai,0.5,,,,,,,,,,,,,,3/31/2022,,,,,,,,,,,,,,,,,,,,,,,,,,,,,,,,,,,,,,,,,,,,,,,,,Asakai
ALSOK_INCIDENT,4/7/2022,14,Go Zachary,????,WBS #18601: [Create] 18556 Debugging and Code tracing,WBS,Working,,3.5,,,,,,,,,,,,,Azer Panganiban,3/29/2022,,,,,,,,,,,,,,,,,,,,,,,,,,,,,,,,,,,,,,,,,,,,,,,,,
ALSOK_INCIDENT,4/6/2022,14,Go Zachary,????,WBS #18317: [GDC] Meetings,WBS,Working,Asakai,0.5,,,,,,,,,,,,,,3/31/2022,,,,,,,,,,,,,,,,,,,,,,,,,,,,,,,,,,,,,,,,,,,,,,,,,Asakai
ALSOK_INCIDENT,4/6/2022,14,Go Zachary,????,WBS #18601: [Create] 18556 Debugging and Code tracing,WBS,Working,,3.5,,,,,,,,,,,,,Azer Panganiban,3/29/2022,,,,,,,,,,,,,,,,,,,,,,,,,,,,,,,,,,,,,,,,,,,,,,,,,
ALSOK_INCIDENT,4/6/2022,14,Go Zachary,????,WBS #18599: [Create] 18556 Input Documents' Analysis,WBS,Working,,3.5,,,,,,,,,,,,,Azer Panganiban,3/22/2022,,,,,,,,,,,,,,,,,,,,,,,,,,,,,,,,,,,,,,,,,,,,,,,,,
ALSOK_INCIDENT,4/5/2022,14,Go Zachary,????,WBS #18317: [GDC] Meetings,WBS,Working,Asakai,0.5,,,,,,,,,,,,,,3/31/2022,,,,,,,,,,,,,,,,,,,,,,,,,,,,,,,,,,,,,,,,,,,,,,,,,Asakai
ALSOK_INCIDENT,4/5/2022,14,Go Zachary,????,WBS #18347: [Rework] 18324 Cause Investigation Rework,WBS,Completion,,7,,,,,,,,,,,,,,2/24/2022,,4/13/2022,,,,,,,,,,,,,,,,,,,,,,,,,,,,,,,,,,,,,,,,,,,,,,,
ALSOK_INCIDENT,4/4/2022,14,Go Zachary,????,WBS #18317: [GDC] Meetings,WBS,Working,Asakai,0.5,,,,,,,,,,,,,,3/31/2022,,,,,,,,,,,,,,,,,,,,,,,,,,,,,,,,,,,,,,,,,,,,,,,,,Asakai
ALSOK_INCIDENT,4/4/2022,14,Go Zachary,????,WBS #18347: [Rework] 18324 Cause Investigation Rework,WBS,Completion,,7,,,,,,,,,,,,,,2/24/2022,,4/13/2022,,,,,,,,,,,,,,,,,,,,,,,,,,,,,,,,,,,,,,,,,,,,,,,
ALSOK_INCIDENT,4/1/2022,13,Go Zachary,????,WBS #18317: [GDC] Meetings,WBS,Working,,0.5,,,,,,,,,,,,,,3/31/2022,,,,,,,,,,,,,,,,,,,,,,,,,,,,,,,,,,,,,,,,,,,,,,,,,Asakai
ALSOK_INCIDENT,4/1/2022,13,Go Zachary,????,WBS #18347: [Rework] 18324 Cause Investigation Rework,WBS,Completion,,7,,,,,,,,,,,,,,2/24/2022,,4/13/2022,,,,,,,,,,,,,,,,,,,,,,,,,,,,,,,,,,,,,,,,,,,,,,,
ALSOK_INCIDENT,3/31/2022,13,Go Zachary,????,WBS #18321: [GDC] Requirement and Specs Analysis,WBS,Working,Read ALSOK  Documents,1,,,,,,,,,,,,,,3/31/2022,,,,,,,,,,,,,,,,,,,,,,,,,,,,,,,,,,,,,,,,,,,,,,,,,
ALSOK_INCIDENT,3/31/2022,13,Go Zachary,????,WBS #18317: [GDC] Meetings,WBS,Working,,0.5,,,,,,,,,,,,,,3/31/2022,,,,,,,,,,,,,,,,,,,,,,,,,,,,,,,,,,,,,,,,,,,,,,,,,Asakai
ALSOK_INCIDENT,3/31/2022,13,Go Zachary,????,WBS #18347: [Rework] 18324 Cause Investigation Rework,WBS,Completion,,7,,,,,,,,,,,,,,2/24/2022,,4/13/2022,,,,,,,,,,,,,,,,,,,,,,,,,,,,,,,,,,,,,,,,,,,,,,,
ALSOK_INCIDENT,3/30/2022,13,Go Zachary,????,WBS #18321: [GDC] Requirement and Specs Analysis,WBS,Working,Read ALSOK  Documents,1,,,,,,,,,,,,,,3/31/2022,,,,,,,,,,,,,,,,,,,,,,,,,,,,,,,,,,,,,,,,,,,,,,,,,
ALSOK_INCIDENT,3/30/2022,13,Go Zachary,????,WBS #18317: [GDC] Meetings,WBS,Working,,0.5,,,,,,,,,,,,,,3/31/2022,,,,,,,,,,,,,,,,,,,,,,,,,,,,,,,,,,,,,,,,,,,,,,,,,Asakai
ALSOK_INCIDENT,3/30/2022,13,Go Zachary,????,WBS #18600: [Create] 18556 Design Documents' Analysis,WBS,Working,,7,,,,,,,,,,,,,Azer Panganiban,3/24/2022,,,,,,,,,,,,,,,,,,,,,,,,,,,,,,,,,,,,,,,,,,,,,,,,,
ALSOK_INCIDENT,3/29/2022,13,Go Zachary,????,WBS #18317: [GDC] Meetings,WBS,Working,Meeting with Japan and India,0.25,,,,,,,,,,,,,,3/31/2022,,,,,,,,,,,,,,,,,,,,,,,,,,,,,,,,,,,,,,,,,,,,,,,,,Asakai
ALSOK_INCIDENT,3/29/2022,13,Go Zachary,????,WBS #18317: [GDC] Meetings,WBS,Working,Asakai,0.5,,,,,,,,,,,,,,3/31/2022,,,,,,,,,,,,,,,,,,,,,,,,,,,,,,,,,,,,,,,,,,,,,,,,,Asakai
ALSOK_INCIDENT,3/29/2022,13,Go Zachary,????,WBS #18321: [GDC] Requirement and Specs Analysis,WBS,Working,Read ALSOK  Documents,1,,,,,,,,,,,,,,3/31/2022,,,,,,,,,,,,,,,,,,,,,,,,,,,,,,,,,,,,,,,,,,,,,,,,,
ALSOK_INCIDENT,3/29/2022,13,Go Zachary,????,WBS #18599: [Create] 18556 Input Documents' Analysis,WBS,Working,,5,,,,,,,,,,,,,Azer Panganiban,3/22/2022,,,,,,,,,,,,,,,,,,,,,,,,,,,,,,,,,,,,,,,,,,,,,,,,,
ALSOK_INCIDENT,3/29/2022,13,Go Zachary,????,WBS #18347: [Rework] 18324 Cause Investigation Rework,WBS,Completion,,1.75,,,,,,,,,,,,,,2/24/2022,,4/13/2022,,,,,,,,,,,,,,,,,,,,,,,,,,,,,,,,,,,,,,,,,,,,,,,
ALSOK_INCIDENT,3/28/2022,13,Go Zachary,????,WBS #18317: [GDC] Meetings,WBS,Working,Asakai,1,,,,,,,,,,,,,,3/31/2022,,,,,,,,,,,,,,,,,,,,,,,,,,,,,,,,,,,,,,,,,,,,,,,,,Asakai
ALSOK_INCIDENT,3/28/2022,13,Go Zachary,????,WBS #18321: [GDC] Requirement and Specs Analysis,WBS,Working,Read ALSOK  Documents,1,,,,,,,,,,,,,,3/31/2022,,,,,,,,,,,,,,,,,,,,,,,,,,,,,,,,,,,,,,,,,,,,,,,,,
ALSOK_INCIDENT,3/28/2022,13,Go Zachary,????,WBS #18347: [Rework] 18324 Cause Investigation Rework,WBS,Completion,,6.5,,,,,,,,,,,,,,2/24/2022,,4/13/2022,,,,,,,,,,,,,,,,,,,,,,,,,,,,,,,,,,,,,,,,,,,,,,,
ALSOK_INCIDENT,3/25/2022,12,Go Zachary,????,WBS #18317: [GDC] Meetings,WBS,Working,Asakai,0.5,,,,,,,,,,,,,,3/31/2022,,,,,,,,,,,,,,,,,,,,,,,,,,,,,,,,,,,,,,,,,,,,,,,,,Asakai
ALSOK_INCIDENT,3/25/2022,12,Go Zachary,????,WBS #18347: [Rework] 18324 Cause Investigation Rework,WBS,Completion,,7,,,,,,,,,,,,,,2/24/2022,,4/13/2022,,,,,,,,,,,,,,,,,,,,,,,,,,,,,,,,,,,,,,,,,,,,,,,
ALSOK_INCIDENT,3/24/2022,12,Go Zachary,????,WBS #18347: [Rework] 18324 Cause Investigation Rework,WBS,Completion,,7,,,,,,,,,,,,,,2/24/2022,,4/13/2022,,,,,,,,,,,,,,,,,,,,,,,,,,,,,,,,,,,,,,,,,,,,,,,
ALSOK_INCIDENT,3/24/2022,12,Go Zachary,????,WBS #18317: [GDC] Meetings,WBS,Working,Asakai,0.5,,,,,,,,,,,,,,3/31/2022,,,,,,,,,,,,,,,,,,,,,,,,,,,,,,,,,,,,,,,,,,,,,,,,,Asakai
ALSOK_INCIDENT,3/23/2022,12,Go Zachary,????,WBS #18317: [GDC] Meetings,WBS,Working,Asakai,0.75,,,,,,,,,,,,,,3/31/2022,,,,,,,,,,,,,,,,,,,,,,,,,,,,,,,,,,,,,,,,,,,,,,,,,Asakai
ALSOK_INCIDENT,3/23/2022,12,Go Zachary,????,WBS #18347: [Rework] 18324 Cause Investigation Rework,WBS,Completion,,6.75,,,,,,,,,,,,,,2/24/2022,,4/13/2022,,,,,,,,,,,,,,,,,,,,,,,,,,,,,,,,,,,,,,,,,,,,,,,
ALSOK_INCIDENT,3/22/2022,12,Go Zachary,????,WBS #18347: [Rework] 18324 Cause Investigation Rework,WBS,Completion,,7,,,,,,,,,,,,,,2/24/2022,,4/13/2022,,,,,,,,,,,,,,,,,,,,,,,,,,,,,,,,,,,,,,,,,,,,,,,
ALSOK_INCIDENT,3/22/2022,12,Go Zachary,????,WBS #18317: [GDC] Meetings,WBS,Working,Asakai,0.5,,,,,,,,,,,,,,3/31/2022,,,,,,,,,,,,,,,,,,,,,,,,,,,,,,,,,,,,,,,,,,,,,,,,,Asakai
ALSOK_INCIDENT,3/21/2022,12,Go Zachary,????,WBS #18321: [GDC] Requirement and Specs Analysis,WBS,Working,Read ALSOK  Documents,1,,,,,,,,,,,,,,3/31/2022,,,,,,,,,,,,,,,,,,,,,,,,,,,,,,,,,,,,,,,,,,,,,,,,,
ALSOK_INCIDENT,3/21/2022,12,Go Zachary,????,WBS #18317: [GDC] Meetings,WBS,Working,Asakai,0.5,,,,,,,,,,,,,,3/31/2022,,,,,,,,,,,,,,,,,,,,,,,,,,,,,,,,,,,,,,,,,,,,,,,,,Asakai
ALSOK_INCIDENT,3/21/2022,12,Go Zachary,????,WBS #18347: [Rework] 18324 Cause Investigation Rework,WBS,Completion,,7,,,,,,,,,,,,,,2/24/2022,,4/13/2022,,,,,,,,,,,,,,,,,,,,,,,,,,,,,,,,,,,,,,,,,,,,,,,
ALSOK_INCIDENT,3/17/2022,11,Go Zachary,????,WBS #18321: [GDC] Requirement and Specs Analysis,WBS,Working,Read Mimamori documents,7.08,,,,,,,,,,,,,,3/31/2022,,,,,,,,,,,,,,,,,,,,,,,,,,,,,,,,,,,,,,,,,,,,,,,,,
ALSOK_INCIDENT,3/17/2022,11,Go Zachary,????,WBS #18317: [GDC] Meetings,WBS,Working,Asakai,0.92,,,,,,,,,,,,,,3/31/2022,,,,,,,,,,,,,,,,,,,,,,,,,,,,,,,,,,,,,,,,,,,,,,,,,Asakai
ALSOK_INCIDENT,3/17/2022,11,Go Zachary,????,WBS #18347: [Rework] 18324 Cause Investigation Rework,WBS,Completion,,0.5,,,,,,,,,,,,,,2/24/2022,,4/13/2022,,,,,,,,,,,,,,,,,,,,,,,,,,,,,,,,,,,,,,,,,,,,,,,
ALSOK_INCIDENT,3/15/2022,11,Go Zachary,????,WBS #18321: [GDC] Requirement and Specs Analysis,WBS,Working,Read Alsok documents,1,,,,,,,,,,,,,,3/31/2022,,,,,,,,,,,,,,,,,,,,,,,,,,,,,,,,,,,,,,,,,,,,,,,,,
ALSOK_INCIDENT,3/15/2022,11,Go Zachary,????,WBS #18317: [GDC] Meetings,WBS,Working,Asakai,0.5,,,,,,,,,,,,,,3/31/2022,,,,,,,,,,,,,,,,,,,,,,,,,,,,,,,,,,,,,,,,,,,,,,,,,Asakai
ALSOK_INCIDENT,3/15/2022,11,Go Zachary,????,WBS #18347: [Rework] 18324 Cause Investigation Rework,WBS,Completion,,7,,,,,,,,,,,,,,2/24/2022,,4/13/2022,,,,,,,,,,,,,,,,,,,,,,,,,,,,,,,,,,,,,,,,,,,,,,,
ALSOK_INCIDENT,3/10/2022,10,Go Zachary,????,WBS #18347: [Rework] 18324 Cause Investigation Rework,WBS,Completion,,4.5,,,,,,,,,,,,,,2/24/2022,,4/13/2022,,,,,,,,,,,,,,,,,,,,,,,,,,,,,,,,,,,,,,,,,,,,,,,
ALSOK_INCIDENT,3/10/2022,10,Go Zachary,????,WBS #18347: [Rework] 18324 Cause Investigation Rework,WBS,Completion,,0.5,,,,,,,,,,,,,,2/24/2022,,4/13/2022,,,,,,,,,,,,,,,,,,,,,,,,,,,,,,,,,,,,,,,,,,,,,,,
ALSOK_INCIDENT,3/10/2022,10,Go Zachary,????,WBS #18317: [GDC] Meetings,WBS,Working,Alsok Mimamori Service Meeting,2,,,,,,,,,,,,,,3/31/2022,,,,,,,,,,,,,,,,,,,,,,,,,,,,,,,,,,,,,,,,,,,,,,,,,Asakai
ALSOK_INCIDENT,3/10/2022,10,Go Zachary,????,WBS #18317: [GDC] Meetings,WBS,Working,Asakai,0.5,,,,,,,,,,,,,,3/31/2022,,,,,,,,,,,,,,,,,,,,,,,,,,,,,,,,,,,,,,,,,,,,,,,,,Asakai
ALSOK_INCIDENT,3/10/2022,10,Go Zachary,????,WBS #18321: [GDC] Requirement and Specs Analysis,WBS,Working,Continued reviewing ALSOK documents,1,,,,,,,,,,,,,,3/31/2022,,,,,,,,,,,,,,,,,,,,,,,,,,,,,,,,,,,,,,,,,,,,,,,,,
ALSOK_INCIDENT,3/8/2022,10,Go Zachary,????,WBS #18347: [Rework] 18324 Cause Investigation Rework,WBS,Completion,,5,,,,,,,,,,,,,,2/24/2022,,4/13/2022,,,,,,,,,,,,,,,,,,,,,,,,,,,,,,,,,,,,,,,,,,,,,,,
ALSOK_INCIDENT,3/8/2022,10,Go Zachary,????,WBS #18321: [GDC] Requirement and Specs Analysis,WBS,Working,reviewing ALSOK documents,2,,,,,,,,,,,,,,3/31/2022,,,,,,,,,,,,,,,,,,,,,,,,,,,,,,,,,,,,,,,,,,,,,,,,,
ALSOK_INCIDENT,3/8/2022,10,Go Zachary,????,WBS #18317: [GDC] Meetings,WBS,Working,Asakai,0.5,,,,,,,,,,,,,,3/31/2022,,,,,,,,,,,,,,,,,,,,,,,,,,,,,,,,,,,,,,,,,,,,,,,,,Asakai
ALSOK_INCIDENT,3/4/2022,9,Go Zachary,????,WBS #18321: [GDC] Requirement and Specs Analysis,WBS,Working,Read ALSOK Documents,6.75,,,,,,,,,,,,,,3/31/2022,,,,,,,,,,,,,,,,,,,,,,,,,,,,,,,,,,,,,,,,,,,,,,,,,
ALSOK_INCIDENT,3/4/2022,9,Go Zachary,????,WBS #18317: [GDC] Meetings,WBS,Working,Asakai,0.75,,,,,,,,,,,,,,3/31/2022,,,,,,,,,,,,,,,,,,,,,,,,,,,,,,,,,,,,,,,,,,,,,,,,,Asakai
ALSOK_INCIDENT,3/3/2022,9,Go Zachary,????,WBS #18317: [GDC] Meetings,WBS,Working,Mimamori Tag_App Meeting,1.5,,,,,,,,,,,,,,3/31/2022,,,,,,,,,,,,,,,,,,,,,,,,,,,,,,,,,,,,,,,,,,,,,,,,,Asakai
ALSOK_INCIDENT,3/3/2022,9,Go Zachary,????,WBS #18317: [GDC] Meetings,WBS,Working,Asakai,0.5,,,,,,,,,,,,,,3/31/2022,,,,,,,,,,,,,,,,,,,,,,,,,,,,,,,,,,,,,,,,,,,,,,,,,Asakai
ALSOK_INCIDENT,3/3/2022,9,Go Zachary,????,WBS #18321: [GDC] Requirement and Specs Analysis,WBS,Working,Read ALSOK Mimamori Services Documents,5.5,,,,,,,,,,,,,,3/31/2022,,,,,,,,,,,,,,,,,,,,,,,,,,,,,,,,,,,,,,,,,,,,,,,,,
ALSOK_INCIDENT,3/2/2022,9,Go Zachary,????,WBS #18317: [GDC] Meetings,WBS,Working,Asakai,0.5,,,,,,,,,,,,,,3/31/2022,,,,,,,,,,,,,,,,,,,,,,,,,,,,,,,,,,,,,,,,,,,,,,,,,Asakai
ALSOK_INCIDENT,3/2/2022,9,Go Zachary,????,WBS #18321: [GDC] Requirement and Specs Analysis,WBS,Working,Reading UI ALSOK Mimamori Services,7,,,,,,,,,,,,,,3/31/2022,,,,,,,,,,,,,,,,,,,,,,,,,,,,,,,,,,,,,,,,,,,,,,,,,
ALSOK_INCIDENT,3/1/2022,9,Go Zachary,????,WBS #18317: [GDC] Meetings,WBS,Working,Asakai,0.5,,,,,,,,,,,,,,3/31/2022,,,,,,,,,,,,,,,,,,,,,,,,,,,,,,,,,,,,,,,,,,,,,,,,,Asakai
ALSOK_INCIDENT,3/1/2022,9,Go Zachary,????,WBS #18343: [Create] 18324 Identifying the direct cause,WBS,Completion,Update Root cause of error (18324) with table names and upload it to QA #18438 and Waiting for Final Answer ,2,,,,,,,,,,,,,Levie Miranda,2/22/2022,,4/13/2022,,,,,,,,,,,,,,,,,,,,,,,,,,,,,,,,,,,,,,,,,,,,,,,
ALSOK_INCIDENT,3/1/2022,9,Go Zachary,????,WBS #18321: [GDC] Requirement and Specs Analysis,WBS,Working,Read ALSOK Mimamori Services Documents,5,,,,,,,,,,,,,,3/31/2022,,,,,,,,,,,,,,,,,,,,,,,,,,,,,,,,,,,,,,,,,,,,,,,,,
ALSOK_INCIDENT,2/28/2022,9,Go Zachary,????,WBS #18321: [GDC] Requirement and Specs Analysis,WBS,Working,Reading Mimamori documents,7,,,,,,,,,,,,,,3/31/2022,,,,,,,,,,,,,,,,,,,,,,,,,,,,,,,,,,,,,,,,,,,,,,,,,
ALSOK_INCIDENT,2/28/2022,9,Go Zachary,????,WBS #18317: [GDC] Meetings,WBS,Working,Asakai,0.5,,,,,,,,,,,,,,3/31/2022,,,,,,,,,,,,,,,,,,,,,,,,,,,,,,,,,,,,,,,,,,,,,,,,,Asakai
ALSOK_INCIDENT,2/23/2022,8,Go Zachary,????,WBS #18317: [GDC] Meetings,WBS,Working,Asakai,0.5,,,,,,,,,,,,,,3/31/2022,,,,,,,,,,,,,,,,,,,,,,,,,,,,,,,,,,,,,,,,,,,,,,,,,Asakai
ALSOK_INCIDENT,2/23/2022,8,Go Zachary,????,WBS #18321: [GDC] Requirement and Specs Analysis,WBS,Working,Reading Coding convention for Java and Mimamori documents,7,,,,,,,,,,,,,,3/31/2022,,,,,,,,,,,,,,,,,,,,,,,,,,,,,,,,,,,,,,,,,,,,,,,,,
ALSOK_INCIDENT,2/22/2022,8,Go Zachary,????,WBS #18317: [GDC] Meetings,WBS,Working,Asakai,0.5,,,,,,,,,,,,,,3/31/2022,,,,,,,,,,,,,,,,,,,,,,,,,,,,,,,,,,,,,,,,,,,,,,,,,Asakai
ALSOK_INCIDENT,2/22/2022,8,Go Zachary,????,WBS #18321: [GDC] Requirement and Specs Analysis,WBS,Working,Read Mimamori documents,1,,,,,,,,,,,,,,3/31/2022,,,,,,,,,,,,,,,,,,,,,,,,,,,,,,,,,,,,,,,,,,,,,,,,,
ALSOK_INCIDENT,2/22/2022,8,Go Zachary,????,WBS #18343: [Create] 18324 Identifying the direct cause,WBS,Completion,,7,,,,,,,,,,,,,Levie Miranda,2/22/2022,,4/13/2022,,,,,,,,,,,,,,,,,,,,,,,,,,,,,,,,,,,,,,,,,,,,,,,
ALSOK_INCIDENT,2/21/2022,8,Go Zachary,????,WBS #18317: [GDC] Meetings,WBS,Working,,0.5,,,,,,,,,,,,,,3/31/2022,,,,,,,,,,,,,,,,,,,,,,,,,,,,,,,,,,,,,,,,,,,,,,,,,Asakai
ALSOK_INCIDENT,2/21/2022,8,Go Zachary,????,WBS #18321: [GDC] Requirement and Specs Analysis,WBS,Working,Reading Coding convention for Java ,1,,,,,,,,,,,,,,3/31/2022,,,,,,,,,,,,,,,,,,,,,,,,,,,,,,,,,,,,,,,,,,,,,,,,,
ALSOK_INCIDENT,2/21/2022,8,Go Zachary,????,WBS #18343: [Create] 18324 Identifying the direct cause,WBS,Completion,,7,,,,,,,,,,,,,Levie Miranda,2/22/2022,,4/13/2022,,,,,,,,,,,,,,,,,,,,,,,,,,,,,,,,,,,,,,,,,,,,,,,
ALSOK_INCIDENT,2/18/2022,7,Go Zachary,????,WBS #18343: [Create] 18324 Identifying the direct cause,WBS,Completion,,0.5,,,,,,,,,,,,,Levie Miranda,2/22/2022,,4/13/2022,,,,,,,,,,,,,,,,,,,,,,,,,,,,,,,,,,,,,,,,,,,,,,,
ALSOK_INCIDENT,2/18/2022,7,Go Zachary,????,WBS #18342: [Create] 18324 Debugging and Code tracing,WBS,Completion,,3.5,,,,,,,,,,,,,Levie Miranda,2/22/2022,,4/13/2022,,,,,,,,,,,,,,,,,,,,,,,,,,,,,,,,,,,,,,,,,,,,,,,
ALSOK_INCIDENT,2/16/2022,7,Go Zachary,????,WBS #18317: [GDC] Meetings,WBS,Working,Asakai,0.5,,,,,,,,,,,,,,3/31/2022,,,,,,,,,,,,,,,,,,,,,,,,,,,,,,,,,,,,,,,,,,,,,,,,,Asakai
ALSOK_INCIDENT,2/16/2022,7,Go Zachary,????,WBS #18342: [Create] 18324 Debugging and Code tracing,WBS,Completion,,3.5,,,,,,,,,,,,,Levie Miranda,2/22/2022,,4/13/2022,,,,,,,,,,,,,,,,,,,,,,,,,,,,,,,,,,,,,,,,,,,,,,,
ALSOK_INCIDENT,2/16/2022,7,Go Zachary,????,WBS #18344: [Create] 18324 Input Documents' Analysis,WBS,Completion,,1.5,,,,,,,,,,,,,Levie Miranda,2/22/2022,,4/13/2022,,,,,,,,,,,,,,,,,,,,,,,,,,,,,,,,,,,,,,,,,,,,,,,
ALSOK_INCIDENT,2/16/2022,7,Go Zachary,????,WBS #18341: [Create] 18324 Design Documents' Analysis,WBS,Completion,,2,,,,,,,,,,,,,Levie Miranda,2/22/2022,,4/13/2022,,,,,,,,,,,,,,,,,,,,,,,,,,,,,,,,,,,,,,,,,,,,,,,
ALSOK_INCIDENT,2/15/2022,7,Go Zachary,????,WBS #18317: [GDC] Meetings,WBS,Working,Asakai,0.5,,,,,,,,,,,,,,3/31/2022,,,,,,,,,,,,,,,,,,,,,,,,,,,,,,,,,,,,,,,,,,,,,,,,,Asakai
ALSOK_INCIDENT,2/15/2022,7,Go Zachary,????,WBS #18342: [Create] 18324 Debugging and Code tracing,WBS,Completion,,4,,,,,,,,,,,,,Levie Miranda,2/22/2022,,4/13/2022,,,,,,,,,,,,,,,,,,,,,,,,,,,,,,,,,,,,,,,,,,,,,,,
ALSOK_INCIDENT,2/15/2022,7,Go Zachary,????,WBS #18341: [Create] 18324 Design Documents' Analysis,WBS,Completion,,1,,,,,,,,,,,,,Levie Miranda,2/22/2022,,4/13/2022,,,,,,,,,,,,,,,,,,,,,,,,,,,,,,,,,,,,,,,,,,,,,,,
ALSOK_INCIDENT,2/15/2022,7,Go Zachary,????,WBS #18344: [Create] 18324 Input Documents' Analysis,WBS,Completion,,2,,,,,,,,,,,,,Levie Miranda,2/22/2022,,4/13/2022,,,,,,,,,,,,,,,,,,,,,,,,,,,,,,,,,,,,,,,,,,,,,,,
ALSOK_INCIDENT,2/14/2022,7,Go Zachary,????,WBS #18317: [GDC] Meetings,WBS,Working,Asakai,0.5,,,,,,,,,,,,,,3/31/2022,,,,,,,,,,,,,,,,,,,,,,,,,,,,,,,,,,,,,,,,,,,,,,,,,Asakai
ALSOK_INCIDENT,2/14/2022,7,Go Zachary,????,WBS #18342: [Create] 18324 Debugging and Code tracing,WBS,Completion,,6.5,,,,,,,,,,,,,Levie Miranda,2/22/2022,,4/13/2022,,,,,,,,,,,,,,,,,,,,,,,,,,,,,,,,,,,,,,,,,,,,,,,
ALSOK_INCIDENT,2/14/2022,7,Go Zachary,????,WBS #18344: [Create] 18324 Input Documents' Analysis,WBS,Completion,,0.5,,,,,,,,,,,,,Levie Miranda,2/22/2022,,4/13/2022,,,,,,,,,,,,,,,,,,,,,,,,,,,,,,,,,,,,,,,,,,,,,,,
ALSOK_INCIDENT,2/11/2022,6,Go Zachary,????,WBS #18317: [GDC] Meetings,WBS,Working,Asakai,0.5,,,,,,,,,,,,,,3/31/2022,,,,,,,,,,,,,,,,,,,,,,,,,,,,,,,,,,,,,,,,,,,,,,,,,Asakai
ALSOK_INCIDENT,2/11/2022,6,Go Zachary,????,WBS #18341: [Create] 18324 Design Documents' Analysis,WBS,Completion,,4,,,,,,,,,,,,,Levie Miranda,2/22/2022,,4/13/2022,,,,,,,,,,,,,,,,,,,,,,,,,,,,,,,,,,,,,,,,,,,,,,,
ALSOK_INCIDENT,2/11/2022,6,Go Zachary,????,WBS #18344: [Create] 18324 Input Documents' Analysis,WBS,Completion,,3,,,,,,,,,,,,,Levie Miranda,2/22/2022,,4/13/2022,,,,,,,,,,,,,,,,,,,,,,,,,,,,,,,,,,,,,,,,,,,,,,,
ALSOK_INCIDENT,2/10/2022,6,Go Zachary,????,WBS #18317: [GDC] Meetings,WBS,Working,Asakai,0.5,,,,,,,,,,,,,,3/31/2022,,,,,,,,,,,,,,,,,,,,,,,,,,,,,,,,,,,,,,,,,,,,,,,,,Asakai
ALSOK_INCIDENT,2/10/2022,6,Go Zachary,????,WBS #18262: [Create] 18247  Design Documents' Analysis,WBS,Completion,,7,,,,,,,,,,,,,,2/14/2022,,2/17/2022,,,,,,,,,,,,,,,,,,,,,,,,,,,,,,,,,,,,,,,,,,,,,,,???????
ALSOK_INCIDENT,2/9/2022,6,Go Zachary,????,WBS #18317: [GDC] Meetings,WBS,Working,Asakai,0.5,,,,,,,,,,,,,,3/31/2022,,,,,,,,,,,,,,,,,,,,,,,,,,,,,,,,,,,,,,,,,,,,,,,,,Asakai
ALSOK_INCIDENT,2/9/2022,6,Go Zachary,????,WBS #18261: [Create] 18247 Debugging and Code tracing,WBS,Completion,,3,,,,,,,,,,,,,Levie Miranda,2/14/2022,,2/17/2022,,,,,,,,,,,,,,,,,,,,,,,,,,,,,,,,,,,,,,,,,,,,,,,???????
ALSOK_INCIDENT,2/9/2022,6,Go Zachary,????,WBS #18262: [Create] 18247  Design Documents' Analysis,WBS,Completion,,3.5,,,,,,,,,,,,,,2/14/2022,,2/17/2022,,,,,,,,,,,,,,,,,,,,,,,,,,,,,,,,,,,,,,,,,,,,,,,???????
ALSOK_INCIDENT,2/9/2022,6,Go Zachary,????,WBS #18264: [Create] 18247 Input Documents' Analysis,WBS,Completion,,0.5,,,,,,,,,,,,,,2/14/2022,,2/17/2022,,,,,,,,,,,,,,,,,,,,,,,,,,,,,,,,,,,,,,,,,,,,,,,???????
