Date,User,Activity,Issue,Comment,Hours,,
7/5/2022,Go Zachary,????,WBS #18318: [GDC] Admin/Others,Preparing and start importing data from FJ,3.25,7/5 - Preparing and start importing data from FJ 3.25MH,7/5 - Preparing and start importing data from FJ 3.25MH
6/29/2022,Go Zachary,????,WBS #18318: [GDC] Admin/Others,Fix Eclipse and Code ,7,6/29 - Fix Eclipse and Code  7MH,7/5 - Preparing and start importing data from FJ 3.25MH6/29 - Fix Eclipse and Code  7MH
6/28/2022,Go Zachary,????,WBS #18318: [GDC] Admin/Others,Fix Eclipse and Code ,7,6/28 - Fix Eclipse and Code  7MH,7/5 - Preparing and start importing data from FJ 3.25MH6/29 - Fix Eclipse and Code  7MH6/28 - Fix Eclipse and Code  7MH
6/27/2022,Go Zachary,????,WBS #18318: [GDC] Admin/Others,Fix Eclipse and Code,3.75,6/27 - Fix Eclipse and Code 3.75MH,7/5 - Preparing and start importing data from FJ 3.25MH6/29 - Fix Eclipse and Code  7MH6/28 - Fix Eclipse and Code  7MH6/27 - Fix Eclipse and Code 3.75MH
6/6/2022,Go Zachary,????,WBS #18318: [GDC] Admin/Others,Continue updating the data in VM but still lacking a record with a date of 2021/11/26,3,6/6 - Continue updating the data in VM but still lacking a record with a date of 2021/11/26 3MH,7/5 - Preparing and start importing data from FJ 3.25MH6/29 - Fix Eclipse and Code  7MH6/28 - Fix Eclipse and Code  7MH6/27 - Fix Eclipse and Code 3.75MH6/6 - Continue updating the data in VM but still lacking a record with a date of 2021/11/26 3MH
6/3/2022,Go Zachary,????,WBS #18318: [GDC] Admin/Others,Update the data in VM was able to partially replicate the incident but still lacking a record with a date of 2021/11/26,5.75,6/3 - Update the data in VM was able to partially replicate the incident but still lacking a record with a date of 2021/11/26 5.75MH,7/5 - Preparing and start importing data from FJ 3.25MH6/29 - Fix Eclipse and Code  7MH6/28 - Fix Eclipse and Code  7MH6/27 - Fix Eclipse and Code 3.75MH6/6 - Continue updating the data in VM but still lacking a record with a date of 2021/11/26 3MH6/3 - Update the data in VM was able to partially replicate the incident but still lacking a record with a date of 2021/11/26 5.75MH
6/2/2022,Go Zachary,????,WBS #18318: [GDC] Admin/Others,"Test running profit-web on eclipse but still error for replication demo,  Import DB needed to VM, but when tested it won't run still looking for missing data.",6.75,"6/2 - Test running profit-web on eclipse but still error for replication demo,  Import DB needed to VM, but when tested it won't run still looking for missing data. 6.75MH","7/5 - Preparing and start importing data from FJ 3.25MH6/29 - Fix Eclipse and Code  7MH6/28 - Fix Eclipse and Code  7MH6/27 - Fix Eclipse and Code 3.75MH6/6 - Continue updating the data in VM but still lacking a record with a date of 2021/11/26 3MH6/3 - Update the data in VM was able to partially replicate the incident but still lacking a record with a date of 2021/11/26 5.75MH6/2 - Test running profit-web on eclipse but still error for replication demo,  Import DB needed to VM, but when tested it won't run still looking for missing data. 6.75MH"
6/1/2022,Go Zachary,????,WBS #18318: [GDC] Admin/Others,Reinstalling eclipse with the help of Levie,2,6/1 - Reinstalling eclipse with the help of Levie 2MH,"7/5 - Preparing and start importing data from FJ 3.25MH6/29 - Fix Eclipse and Code  7MH6/28 - Fix Eclipse and Code  7MH6/27 - Fix Eclipse and Code 3.75MH6/6 - Continue updating the data in VM but still lacking a record with a date of 2021/11/26 3MH6/3 - Update the data in VM was able to partially replicate the incident but still lacking a record with a date of 2021/11/26 5.75MH6/2 - Test running profit-web on eclipse but still error for replication demo,  Import DB needed to VM, but when tested it won't run still looking for missing data. 6.75MH6/1 - Reinstalling eclipse with the help of Levie 2MH"
,,,,,,,
,,,,,,,
,,,,"7/5 - Preparing and start importing data from FJ 3.25MH
6/29 - Fix Eclipse and Code  7MH
6/28 - Fix Eclipse and Code  7MH
6/27 - Fix Eclipse and Code 3.75MH
6/6 - Continue updating the data in VM but still lacking a record with a date of 2021/11/26 3MH
6/3 - Update the data in VM was able to partially replicate the incident but still lacking a record with a date of 2021/11/26 5.75MH
6/2 - Test running profit-web on eclipse but still error for replication demo,  Import DB needed to VM, but when tested it won't run still looking for missing data. 6.75MH
6/1 - Reinstalling eclipse with the help of Levie 2MH",,,
