Date,User,Activity,Issue,Comment,Hours
05/30/2022,Go Zachary,????,WBS #18321: [GDC] Requirement and Specs Analysis,Read ALSOK  Documents,5.25
05/27/2022,Go Zachary,????,WBS #18321: [GDC] Requirement and Specs Analysis,Read ALSOK  Documents,5.50
05/26/2022,Go Zachary,????,WBS #18321: [GDC] Requirement and Specs Analysis,Read ALSOK  Documents,5.00
05/25/2022,Go Zachary,????,WBS #18321: [GDC] Requirement and Specs Analysis,Read ALSOK  Documents,6.00
05/24/2022,Go Zachary,????,WBS #18321: [GDC] Requirement and Specs Analysis,Read ALSOK  Documents,4.75
05/23/2022,Go Zachary,????,WBS #18321: [GDC] Requirement and Specs Analysis,Read ALSOK  Documents,5.75
05/16/2022,Go Zachary,????,WBS #18321: [GDC] Requirement and Specs Analysis,Testing TestDriver for API,1.00
04/29/2022,Go Zachary,????,WBS #18321: [GDC] Requirement and Specs Analysis,Read ALSOK  Documents,4.50
04/28/2022,Go Zachary,????,WBS #18321: [GDC] Requirement and Specs Analysis,Read ALSOK  Documents,4.50
04/27/2022,Go Zachary,????,WBS #18321: [GDC] Requirement and Specs Analysis,Read ALSOK  Documents,4.50
04/26/2022,Go Zachary,????,WBS #18321: [GDC] Requirement and Specs Analysis,Read ALSOK  Documents,4.50
04/25/2022,Go Zachary,????,WBS #18321: [GDC] Requirement and Specs Analysis,Read ALSOK  Documents,4.50
04/22/2022,Go Zachary,????,WBS #18321: [GDC] Requirement and Specs Analysis,Read ALSOK  Documents,3.50
04/21/2022,Go Zachary,????,WBS #18321: [GDC] Requirement and Specs Analysis,Read ALSOK  Documents,4.50
04/20/2022,Go Zachary,????,WBS #18321: [GDC] Requirement and Specs Analysis,Read ALSOK  Documents,4.50
04/19/2022,Go Zachary,????,WBS #18321: [GDC] Requirement and Specs Analysis,Read ALSOK  Documents,4.50
04/18/2022,Go Zachary,????,WBS #18321: [GDC] Requirement and Specs Analysis,Read ALSOK  Documents,3.50
04/13/2022,Go Zachary,????,WBS #18321: [GDC] Requirement and Specs Analysis,Read ALSOK  Documents,1.50
04/11/2022,Go Zachary,????,WBS #18321: [GDC] Requirement and Specs Analysis,Read ALSOK  Documents,4.50
04/08/2022,Go Zachary,????,WBS #18321: [GDC] Requirement and Specs Analysis,Read ALSOK  Documents,6.50
03/31/2022,Go Zachary,????,WBS #18321: [GDC] Requirement and Specs Analysis,Read ALSOK  Documents,1.00
03/30/2022,Go Zachary,????,WBS #18321: [GDC] Requirement and Specs Analysis,Read ALSOK  Documents,1.00
03/29/2022,Go Zachary,????,WBS #18321: [GDC] Requirement and Specs Analysis,Read ALSOK  Documents,1.00
03/28/2022,Go Zachary,????,WBS #18321: [GDC] Requirement and Specs Analysis,Read ALSOK  Documents,1.00
03/21/2022,Go Zachary,????,WBS #18321: [GDC] Requirement and Specs Analysis,Read ALSOK  Documents,1.00
03/17/2022,Go Zachary,????,WBS #18321: [GDC] Requirement and Specs Analysis,Read Mimamori documents,7.08
03/15/2022,Go Zachary,????,WBS #18321: [GDC] Requirement and Specs Analysis,Read Alsok documents,1.00
03/10/2022,Go Zachary,????,WBS #18321: [GDC] Requirement and Specs Analysis,Continued reviewing ALSOK documents,1.00
03/08/2022,Go Zachary,????,WBS #18321: [GDC] Requirement and Specs Analysis,reviewing ALSOK documents,2.00
03/04/2022,Go Zachary,????,WBS #18321: [GDC] Requirement and Specs Analysis,Read ALSOK Documents,6.75
03/03/2022,Go Zachary,????,WBS #18321: [GDC] Requirement and Specs Analysis,Read ALSOK Mimamori Services Documents,5.50
03/02/2022,Go Zachary,????,WBS #18321: [GDC] Requirement and Specs Analysis,Reading UI ALSOK Mimamori Services,7.00
03/01/2022,Go Zachary,????,WBS #18321: [GDC] Requirement and Specs Analysis,Read ALSOK Mimamori Services Documents,5.00
02/28/2022,Go Zachary,????,WBS #18321: [GDC] Requirement and Specs Analysis,Reading Mimamori documents,7.00
02/23/2022,Go Zachary,????,WBS #18321: [GDC] Requirement and Specs Analysis,Reading Coding convention for Java and Mimamori documents,7.00
02/22/2022,Go Zachary,????,WBS #18321: [GDC] Requirement and Specs Analysis,Read Mimamori documents,1.00
02/21/2022,Go Zachary,????,WBS #18321: [GDC] Requirement and Specs Analysis,Reading Coding convention for Java ,1.00
